{"paulirish": 46.299999999999997, "be5invis": 45.233333333333334, "numbbbbb": 24.066666666666666, "passy": 66.599999999999994, "ChenYilong": 453.93333333333334, "technoweenie": 81.066666666666663, "kazuho": 6.9000000000000004, "kevva": 18.933333333333334, "bbatsov": 84.566666666666663, "ebidel": 144.33333333333334, "radar": 6.3666666666666663, "creationix": 10.166666666666666, "brianleroux": 4.2333333333333334, "dougwilson": 6.068965517241379, "QuincyLarson": 4.7599999999999998, "simurai": 16.466666666666665, "toddmotto": 387.60000000000002, "stof": 1.0, "eduardolundgren": 17.733333333333334, "samuelclay": 219.57142857142858, "soffes": 39.0, "lihaoyi": 232.66666666666666, "Ocramius": 4.333333333333333, "josh": 61.466666666666669, "rstacruz": 31.5, "mbostock": 23.0, "atmos": 34.299999999999997, "tj": 312.66666666666669, "jedisct1": 54.5, "nvie": 6.9000000000000004, "drnic": 13.5, "gorhill": 527.79999999999995, "drakeet": 241.09999999999999, "amueller": 8.9333333333333336, "mafintosh": 36.633333333333333, "mikermcneil": 1.8, "Caged": 29.600000000000001, "overtrue": 135.06666666666666, "zcbenz": 78.592592592592595, "samccone": 0.5, "yihui": 71.466666666666669, "frsyuki": 4.5666666666666664, "jamesward": 1.8, "geerlingguy": 43.133333333333333, "Raynos": 7.666666666666667, "samdark": 4.9333333333333336, "walkor": 174.26666666666668, "Shougo": 298.33333333333331, "SamSaffron": 18.833333333333332, "willdurand": 83.433333333333337, "tmcw": 43.5, "alex": 4.333333333333333, "kripken": 446.83333333333331, "FezVrasta": 564.16666666666663, "indragiek": 128.76666666666668, "weierophinney": 5.5333333333333332, "zpao": 1.5, "aaronpk": 5.0, "notwaldorf": 64.433333333333337, "addyosmani": 388.33333333333331, "davidsonfellipe": 193.30000000000001, "fzaninotto": 381.06666666666666, "jessesquires": 403.66666666666669, "JakeWharton": 889.5333333333333, "tomchristie": 290.66666666666669, "ankane": 105.63333333333334, "maxogden": 207.19999999999999, "mli": 1.5789473684210527, "AdamBien": 27.133333333333333, "DataTables": 141.83333333333334, "domenic": 43.100000000000001, "michalbe": 5.4000000000000004, "robrix": 12.833333333333334, "markstory": 29.800000000000001, "Urigo": 129.09999999999999, "josephmisiti": 553.60000000000002, "tylermcginnis": 5.5, "fabpot": 63.666666666666664, "swankjesse": 4.833333333333333, "rdegges": 48.06666666666667, "nicolasgramlich": 133.40000000000001, "liu21st": 112.8, "cheeaun": 11.9, "paulcbetts": 5.166666666666667, "jeremy": 1.9666666666666666, "jgm": 182.46666666666667, "akrabat": 6.4333333333333336, "agentzh": 30.266666666666666, "ericdouglas": 22.966666666666665, "davidfowl": 14.566666666666666, "afollestad": 506.24000000000001, "mattdesl": 8.8000000000000007, "jennschiffer": 7.5, "marijnh": 77.233333333333334, "jfrazelle": NaN, "weavejester": 50.56666666666667, "macournoyer": 28.633333333333333, "apotonick": 134.5, "cyanogen": 7.125, "mcollina": 20.733333333333334, "weaverryan": 0.66666666666666663, "tokuhirom": 6.8666666666666663, "fnando": 60.133333333333333, "steipete": 470.69999999999999, "brentvatne": 2.0333333333333332, "ibdknox": 21.600000000000001, "olivergierke": 9.6999999999999993, "Seldaek": 3.6666666666666665, "shiffman": 17.899999999999999, "jdalton": 17.0, "bkeepers": 166.56666666666666, "jiyinyiyong": 0.56666666666666665, "juliangruber": 8.8000000000000007, "davecheney": 5.7000000000000002, "wbond": 190.30000000000001, "rafaelfranca": 0.83333333333333337, "cvrebert": 14.566666666666666, "amasad": 0.56666666666666665, "suissa": 7.7999999999999998, "dominictarr": 4.7000000000000002, "AllenDowney": 7.9000000000000004, "ericelliott": 291.43333333333334, "vladikoff": 2.6000000000000001, "mitsuhiko": 43.733333333333334, "jverkoey": 316.73333333333335, "HugoGiraudel": 83.566666666666663, "arunoda": 3.7333333333333334, "pedrovgs": 402.26666666666665, "mrdoob": 1174.2, "orta": 53.666666666666664, "dcramer": 63.166666666666664, "taylorotwell": 60.0, "evanw": 86.333333333333329, "StephenGrider": 10.5, "michaelklishin": 15.633333333333333, "pippinsplugins": 6.5, "prakhar1989": 604.10000000000002, "mattn": 14.766666666666667, "mrmrs": 252.63333333333333, "mathiasbynens": 6.4333333333333336, "rkh": 30.199999999999999, "mdo": 422.76666666666665, "joshaber": 66.066666666666663, "thomasdavis": 144.73333333333332, "EisenbergEffect": 20.5, "ashfurrow": 32.766666666666666, "ammeep": 6.7037037037037033, "hueniverse": 179.40000000000001, "SamyPesse": 476.5, "ai": 172.5, "chenglou": 6.0999999999999996, "rasbt": 333.66666666666669, "rwaldron": 1.0, "josevalim": 180.4814814814815, "zenorocha": 769.33333333333337, "phodal": 130.86666666666667, "ornicar": 9.0333333333333332, "webmozart": 34.56666666666667, "balupton": 8.9666666666666668, "kishikawakatsumi": 122.16666666666667, "schwa": 159.09999999999999, "josegonzalez": 7.4333333333333336, "mikepenz": 201.59999999999999, "gaearon": 37.633333333333333, "Unknwon": 175.46666666666667, "jamesmontemagno": 7.9000000000000004, "andrew": 4.2666666666666666, "benbalter": 10.733333333333333, "ericholscher": 25.833333333333332, "kartik-v": 104.26666666666667, "madskristensen": 9.0666666666666664, "muan": 76.900000000000006, "dlew": 40.100000000000001, "remy": 29.199999999999999, "benjamn": 11.633333333333333, "mariotaku": 2.8999999999999999, "angusshire": 198.0, "sahat": 2.7666666666666666, "substack": 22.800000000000001, "mitchellh": 165.69999999999999, "feross": 71.533333333333331, "gitster": 85.666666666666671, "appleboy": 1.1333333333333333, "azat-co": 43.100000000000001, "vhf": 0.26666666666666666, "soyjavi": 5.5999999999999996, "nixzhu": 211.26666666666668, "purcell": 4.9666666666666668, "c9s": 5.5333333333333332, "swannodette": 14.866666666666667, "jamztang": 104.2, "donnemartin": 986.91666666666663, "robdodson": 13.833333333333334, "jonathanong": 18.833333333333332, "leafo": 17.833333333333332, "jakiestfu": 327.66666666666669, "tmm1": 25.966666666666665, "mgechev": 243.46666666666667, "tqchen": 63.0, "kylef": 56.233333333333334, "steveklabnik": 5.4333333333333336, "zilongshanren": 5.7000000000000002, "yyx990803": 5.2666666666666666, "kentcdodds": 14.0, "kevinsawicki": 6.333333333333333, "una": 140.26666666666668, "JedWatson": 139.63333333333333, "kriskowal": 11.133333333333333, "kittens": 1.9333333333333333, "dsyer": 1.0666666666666667, "hadley": 53.399999999999999, "nzakas": 164.56666666666666, "parkr": 7.2999999999999998, "jnunemaker": 82.599999999999994, "bevacqua": 25.933333333333334, "GrahamCampbell": 100.91304347826087, "gdi2290": 1.1000000000000001, "torvalds": 12928.0, "sferik": 15.533333333333333, "sebastianbergmann": 181.76666666666668, "kytrinyx": 18.0, "JaviSoto": 3.1333333333333333, "ekmett": 17.066666666666666, "barretlee": 47.299999999999997, "curran": 1.6000000000000001, "stefanpenner": 0.96666666666666667, "KrauseFx": 5.166666666666667, "staltz": 6.0666666666666664, "indutny": 33.466666666666669, "jlord": 11.666666666666666, "springmeyer": 10.766666666666667, "afc163": 2.5666666666666669, "ashleygwilliams": 3.5666666666666669, "yiminghe": 22.800000000000001, "chjj": 547.13333333333333, "chrisjenx": 197.36666666666667, "hemanth": 15.566666666666666, "CamDavidsonPilon": 379.76666666666665, "johnpapa": 780.26666666666665, "leebyron": 20.899999999999999, "pkrumins": 16.633333333333333, "jskeet": 14.5, "grp": 19.785714285714285, "paulmillr": 241.30000000000001, "rauchg": 46.399999999999999, "mjhea0": 2.6333333333333333, "Haacked": 16.333333333333332, "thejameskyle": 3.0, "willianjusten": 136.33333333333334, "mourner": 25.566666666666666, "alloy": 14.733333333333333, "ddollar": 7.2999999999999998, "soumith": 91.833333333333329, "tekkub": 17.772727272727273, "mjackson": 14.133333333333333, "kohsuke": 22.266666666666666}